{
    "keyboard_name": "KeyV2",
    "manufacturer": "Drop Inc.",
    "maintainer": "bizouarn",
    "usb": {
        "vid": "0x359B",
        "pid": "0x000E",
        "device_version": "2.0.0"
    },
    "features": {
        "bootmagic": true,
        "command": false,
        "console": false,
        "extrakey": false,
        "mousekey": false,
        "rgblight": true
    },
    "processor": "atmega32u4",
    "bootloader": "atmel-dfu",
    "matrix_pins": {
        "cols": ["D2", "D1", "D0"],
        "rows": ["D4"]
    },
    "diode_direction": "ROW2COL",
    "rgblight": {
        "led_count": 5,
        "led_map": [4, 0, 1, 2, 3],
        "sleep": true,
        "animations": {
            "alternating": true,
            "breathing": true,
            "christmas": true,
            "knight": true,
            "rainbow_mood": false,
            "rainbow_swirl": false,
            "rgb_test": true,
            "snake": true,
            "static_gradient": true,
            "twinkle": true
        }
    },
    "ws2812": {
        "pin": "B1"
    },
    "layouts": {
        "LAYOUT": {
            "layout": [
                {"matrix": [0, 0], "x": 0, "y": 0},
                {"matrix": [0, 1], "x": 1, "y": 0},
                {"matrix": [0, 2], "x": 2, "y": 0}
            ]
        }
    }
}
