{
    "keyboard_name": "The Key",
    "manufacturer": "Drop Inc.",
    "url": "https://drop.com/buy/stack-overflow-the-key-macropad",
    "maintainer": "zvecr",
    "usb": {
        "vid": "0x359B",
        "pid": "0x0002",
        "device_version": "1.0.0"
    },
    "features": {
        "bootmagic": true,
        "command": false,
        "console": false,
        "extrakey": true,
        "mousekey": true,
        "backlight": true,
        "rgblight": true
    },
    "processor": "atmega32u4",
    "bootloader": "atmel-dfu",
    "matrix_pins": {
        "cols": ["D2", "D1", "D0"],
        "rows": ["D4"]
    },
    "diode_direction": "ROW2COL",
    "backlight": {
        "pin": "B6",
        "breathing": true
    },
    "rgblight": {
        "led_count": 2,
        "sleep": true,
        "animations": {
            "alternating": true,
            "breathing": true,
            "christmas": true,
            "knight": true,
            "rainbow_mood": true,
            "rainbow_swirl": true,
            "rgb_test": true,
            "snake": true,
            "static_gradient": true,
            "twinkle": true
        }
    },
    "ws2812": {
        "pin": "B1"
    },
    "layouts": {
        "LAYOUT": {
            "layout": [
                {"matrix": [0, 0], "x": 0, "y": 0},
                {"matrix": [0, 1], "x": 1, "y": 0},
                {"matrix": [0, 2], "x": 2, "y": 0}
            ]
        }
    }
}
